                  epoch,         train/box_loss,         train/cls_loss,         train/dfl_loss,   metrics/precision(B),      metrics/recall(B),       metrics/mAP50(B),    metrics/mAP50-95(B),           val/box_loss,           val/cls_loss,           val/dfl_loss,                 lr/pg0,                 lr/pg1,                 lr/pg2
                      1,                 3.2276,                 4.6082,                 4.2286,                0.00075,                0.13396,                0.00138,                0.00039,                 3.0424,                 4.8016,                 4.1441,             0.00032479,             0.00032479,             0.00032479
                      2,                   3.08,                 4.3492,                 4.0026,                0.00049,                0.13439,                0.00037,                 0.0001,                 3.1526,                 4.7355,                 4.2405,             0.00052781,             0.00052781,             0.00052781
                      3,                 2.8887,                  4.097,                 3.7011,                0.00258,                0.50848,                0.01206,                0.00505,                 2.6765,                 4.6134,                 3.4284,             0.00059884,             0.00059884,             0.00059884
                      4,                 2.8709,                 3.9645,                 3.5158,                0.00467,                0.48322,                0.01262,                0.00402,                  2.537,                 5.7456,                 3.2712,               0.000406,               0.000406,               0.000406
                      5,                 2.7719,                 3.8536,                 3.3718,                0.34448,                0.05864,                 0.0658,                0.02166,                 2.4565,                  4.409,                 3.0314,               0.000406,               0.000406,               0.000406
